/**
 * Ficheiro com carregamento de dados iniciais 
 */
-- Carregamento de países
insert into country (idCountry, country) values (1, 'Afeganistão');
insert into country (idCountry, country) values (2, 'África do Sul');
insert into country (idCountry, country) values (3, 'Albânia');
insert into country (idCountry, country) values (4, 'Alemanha');
insert into country (idCountry, country) values (5, 'Andorra');
insert into country (idCountry, country) values (6, 'Angola');
insert into country (idCountry, country) values (7, 'Argélia');
insert into country (idCountry, country) values (8, 'Argentina');
insert into country (idCountry, country) values (9, 'Arménia');
insert into country (idCountry, country) values (10, 'Austrália');
insert into country (idCountry, country) values (11, 'Áustria');
insert into country (idCountry, country) values (12, 'Azerbaijão');
insert into country (idCountry, country) values (13, 'Bangladesh');
insert into country (idCountry, country) values (14, 'Bélgica');
insert into country (idCountry, country) values (15, 'Benim');
insert into country (idCountry, country) values (16, 'Bermudas');
insert into country (idCountry, country) values (17, 'Bielorrússia');
insert into country (idCountry, country) values (18, 'Bolívia');
insert into country (idCountry, country) values (19, 'Bósnia e Herzegovina');
insert into country (idCountry, country) values (20, 'Brasil');
insert into country (idCountry, country) values (21, 'Brunei');
insert into country (idCountry, country) values (22, 'Bulgária');
insert into country (idCountry, country) values (23, 'Burquina Faso');
insert into country (idCountry, country) values (24, 'Burúndi');
insert into country (idCountry, country) values (25, 'Butão');
insert into country (idCountry, country) values (26, 'Cabo Verde');
insert into country (idCountry, country) values (27, 'Camarões');
insert into country (idCountry, country) values (28, 'Camboja');
insert into country (idCountry, country) values (29, 'Canadá');
insert into country (idCountry, country) values (30, 'Cazaquistão');
insert into country (idCountry, country) values (31, 'Chade');
insert into country (idCountry, country) values (32, 'Chile');
insert into country (idCountry, country) values (33, 'China');
insert into country (idCountry, country) values (34, 'Chipre');
insert into country (idCountry, country) values (35, 'Colômbia');
insert into country (idCountry, country) values (36, 'Coreia do Sul');
insert into country (idCountry, country) values (37, 'Costa do Marfim');
insert into country (idCountry, country) values (38, 'Costa Rica');
insert into country (idCountry, country) values (39, 'Croácia');
insert into country (idCountry, country) values (40, 'Cuba');
insert into country (idCountry, country) values (41, 'Dinamarca');
insert into country (idCountry, country) values (42, 'Equador');
insert into country (idCountry, country) values (43, 'Eslováquia');
insert into country (idCountry, country) values (44, 'Eslovénia');
insert into country (idCountry, country) values (45, 'Espanha');
insert into country (idCountry, country) values (46, 'Estados Unidos');
insert into country (idCountry, country) values (47, 'Estónia');
insert into country (idCountry, country) values (48, 'Etiópia');
insert into country (idCountry, country) values (49, 'Filipinas');
insert into country (idCountry, country) values (50, 'Finlândia');
insert into country (idCountry, country) values (51, 'França');
insert into country (idCountry, country) values (52, 'Grécia');
insert into country (idCountry, country) values (53, 'Guatemala');
insert into country (idCountry, country) values (54, 'Haiti');
insert into country (idCountry, country) values (55, 'Honduras');
insert into country (idCountry, country) values (56, 'Hungria');
insert into country (idCountry, country) values (57, 'Iémen');
insert into country (idCountry, country) values (58, 'Índia');
insert into country (idCountry, country) values (59, 'Indonésia');
insert into country (idCountry, country) values (60, 'Irão');
insert into country (idCountry, country) values (61, 'Iraque');
insert into country (idCountry, country) values (62, 'Irlanda');
insert into country (idCountry, country) values (63, 'Islândia');
insert into country (idCountry, country) values (64, 'Israel');
insert into country (idCountry, country) values (65, 'Itália');
insert into country (idCountry, country) values (66, 'Jamaica');
insert into country (idCountry, country) values (67, 'Japão');
insert into country (idCountry, country) values (68, 'Letónia');
insert into country (idCountry, country) values (69, 'Líbano');
insert into country (idCountry, country) values (70, 'Libéria');
insert into country (idCountry, country) values (71, 'Líbia');
insert into country (idCountry, country) values (72, 'Listenstaine');
insert into country (idCountry, country) values (73, 'Lituânia');
insert into country (idCountry, country) values (74, 'Luxemburgo');
insert into country (idCountry, country) values (75, 'Macedónia');
insert into country (idCountry, country) values (76, 'Madagáscar');
insert into country (idCountry, country) values (77, 'Malásia');
insert into country (idCountry, country) values (78, 'Maldivas');
insert into country (idCountry, country) values (79, 'Mali');
insert into country (idCountry, country) values (80, 'Malta');
insert into country (idCountry, country) values (81, 'Marrocos');
insert into country (idCountry, country) values (82, 'México');
insert into country (idCountry, country) values (83, 'Moçambique');
insert into country (idCountry, country) values (84, 'Moldávia');
insert into country (idCountry, country) values (85, 'Mónaco');
insert into country (idCountry, country) values (86, 'Mongólia');
insert into country (idCountry, country) values (87, 'Montenegro');
insert into country (idCountry, country) values (88, 'Myanmar');
insert into country (idCountry, country) values (89, 'Nepal');
insert into country (idCountry, country) values (90, 'Nicarágua');
insert into country (idCountry, country) values (91, 'Níger');
insert into country (idCountry, country) values (92, 'Nigéria');
insert into country (idCountry, country) values (93, 'Noruega');
insert into country (idCountry, country) values (94, 'Nova Zelândia');
insert into country (idCountry, country) values (95, 'Países Baixos');
insert into country (idCountry, country) values (96, 'Panamá');
insert into country (idCountry, country) values (97, 'Papua-Nova Guiné');
insert into country (idCountry, country) values (98, 'Paquistão');
insert into country (idCountry, country) values (99, 'Paraguai');
insert into country (idCountry, country) values (100, 'Peru');
insert into country (idCountry, country) values (101, 'Polónia');
insert into country (idCountry, country) values (102, 'Portugal');
insert into country (idCountry, country) values (103, 'Quénia');
insert into country (idCountry, country) values (104, 'Quirguizistão');
insert into country (idCountry, country) values (105, 'Reino Unido');
insert into country (idCountry, country) values (106, 'República Centro-Africana');
insert into country (idCountry, country) values (107, 'República Checa');
insert into country (idCountry, country) values (108, 'República Dominicana');
insert into country (idCountry, country) values (109, 'Roménia');
insert into country (idCountry, country) values (110, 'Rússia');
insert into country (idCountry, country) values (111, 'Salvador');
insert into country (idCountry, country) values (112, 'São Marinho');
insert into country (idCountry, country) values (113, 'Senegal');
insert into country (idCountry, country) values (114, 'Sérvia');
insert into country (idCountry, country) values (115, 'Singapura');
insert into country (idCountry, country) values (116, 'Somália');
insert into country (idCountry, country) values (117, 'Sri Lanca');
insert into country (idCountry, country) values (118, 'Suazilândia');
insert into country (idCountry, country) values (119, 'Suécia');
insert into country (idCountry, country) values (120, 'Suíça');
insert into country (idCountry, country) values (121, 'Tailândia');
insert into country (idCountry, country) values (122, 'Taiwan');
insert into country (idCountry, country) values (123, 'Tanzânia');
insert into country (idCountry, country) values (124, 'Timor Leste');
insert into country (idCountry, country) values (125, 'Tunísia');
insert into country (idCountry, country) values (126, 'Turquia');
insert into country (idCountry, country) values (127, 'Ucrânia');
insert into country (idCountry, country) values (128, 'Uganda');
insert into country (idCountry, country) values (129, 'Uruguai');
insert into country (idCountry, country) values (130, 'Usbequistão');
insert into country (idCountry, country) values (131, 'Vaticano');
insert into country (idCountry, country) values (132, 'Venezuela');
insert into country (idCountry, country) values (133, 'Vietname');
insert into country (idCountry, country) values (134, 'Zimbabué');

-- Tipos de Campanha
insert into campaignType (idCampaignType, name, description) values (1, 'Votação', 'Sorteio de chama vencedora numa votação.');
insert into campaignType (idCampaignType, name, description) values (2, 'Chamada Dourada', 'Chamada vencedora a cada X chamadas recebidas.');

-- Tipos de Prompt
insert into promptType (idPromptType, type, description, auditUser, auditTimestamp) values (1, 'Entrada', 'Prompt usada na entrada da chamada.', 'SYSTEM', now());
insert into promptType (idPromptType, type, description, auditUser, auditTimestamp) values (2, 'Saída', 'Prompt usada na saída da chamada.', 'SYSTEM', now());
insert into promptType (idPromptType, type, description, auditUser, auditTimestamp) values (3, 'Vencedor', 'Prompt usada no anúncio de chamada vencedora.', 'SYSTEM', now());


-- Tipos de Prompt por Tipos de Campanha
insert into promptTypeByCampaignType (idCampaignType, idPromptType, mandatory) values (1,1, True);
insert into promptTypeByCampaignType (idCampaignType, idPromptType, mandatory) values (1,2, False);
insert into promptTypeByCampaignType (idCampaignType, idPromptType, mandatory) values (2,1, True);
insert into promptTypeByCampaignType (idCampaignType, idPromptType, mandatory) values (2,2, True);
insert into promptTypeByCampaignType (idCampaignType, idPromptType, mandatory) values (2,3, True);
