/**
 * Ficheiro com carregamento de dados iniciais 
 */
USE `ttcbo`;

-- Carregamento de países
INSERT INTO country(id, name) values (1, 'Afeganistão');
INSERT INTO country(id, name) values (2, 'África do Sul');
INSERT INTO country(id, name) values (3, 'Akrotiri');
INSERT INTO country(id, name) values (4, 'Albânia');
INSERT INTO country(id, name) values (5, 'Alemanha');
INSERT INTO country(id, name) values (6, 'Andorra');
INSERT INTO country(id, name) values (7, 'Angola');
INSERT INTO country(id, name) values (8, 'Anguila');
INSERT INTO country(id, name) values (9, 'Antárctida');
INSERT INTO country(id, name) values (10, 'Antígua e Barbuda');
INSERT INTO country(id, name) values (11, 'Antilhas Neerlandesas');
INSERT INTO country(id, name) values (12, 'Arábia Saudita');
INSERT INTO country(id, name) values (13, 'Arctic Ocean');
INSERT INTO country(id, name) values (14, 'Argélia');
INSERT INTO country(id, name) values (15, 'Argentina');
INSERT INTO country(id, name) values (16, 'Arménia');
INSERT INTO country(id, name) values (17, 'Aruba');
INSERT INTO country(id, name) values (18, 'Ashmore and Cartier Islands');
INSERT INTO country(id, name) values (19, 'Atlantic Ocean');
INSERT INTO country(id, name) values (20, 'Austrália');
INSERT INTO country(id, name) values (21, 'Áustria');
INSERT INTO country(id, name) values (22, 'Azerbaijão');
INSERT INTO country(id, name) values (23, 'Bahamas');
INSERT INTO country(id, name) values (24, 'Bangladeche');
INSERT INTO country(id, name) values (25, 'Barbados');
INSERT INTO country(id, name) values (26, 'Barém');
INSERT INTO country(id, name) values (27, 'Bélgica');
INSERT INTO country(id, name) values (28, 'Belize');
INSERT INTO country(id, name) values (29, 'Benim');
INSERT INTO country(id, name) values (30, 'Bermudas');
INSERT INTO country(id, name) values (31, 'Bielorrússia');
INSERT INTO country(id, name) values (32, 'Birmânia');
INSERT INTO country(id, name) values (33, 'Bolívia');
INSERT INTO country(id, name) values (34, 'Bósnia e Herzegovina');
INSERT INTO country(id, name) values (35, 'Botsuana');
INSERT INTO country(id, name) values (36, 'Brasil');
INSERT INTO country(id, name) values (37, 'Brunei');
INSERT INTO country(id, name) values (38, 'Bulgária');
INSERT INTO country(id, name) values (39, 'Burquina Faso');
INSERT INTO country(id, name) values (40, 'Burúndi');
INSERT INTO country(id, name) values (41, 'Butão');
INSERT INTO country(id, name) values (42, 'Cabo Verde');
INSERT INTO country(id, name) values (43, 'Camarões');
INSERT INTO country(id, name) values (44, 'Camboja');
INSERT INTO country(id, name) values (45, 'Canadá');
INSERT INTO country(id, name) values (46, 'Catar');
INSERT INTO country(id, name) values (47, 'Cazaquistão');
INSERT INTO country(id, name) values (48, 'Chade');
INSERT INTO country(id, name) values (49, 'Chile');
INSERT INTO country(id, name) values (50, 'China');
INSERT INTO country(id, name) values (51, 'Chipre');
INSERT INTO country(id, name) values (52, 'Clipperton Island');
INSERT INTO country(id, name) values (53, 'Colômbia');
INSERT INTO country(id, name) values (54, 'Comores');
INSERT INTO country(id, name) values (55, 'Congo-Brazzaville');
INSERT INTO country(id, name) values (56, 'Congo-Kinshasa');
INSERT INTO country(id, name) values (57, 'Coral Sea Islands');
INSERT INTO country(id, name) values (58, 'Coreia do Norte');
INSERT INTO country(id, name) values (59, 'Coreia do Sul');
INSERT INTO country(id, name) values (60, 'Costa do Marfim');
INSERT INTO country(id, name) values (61, 'Costa Rica');
INSERT INTO country(id, name) values (62, 'Croácia');
INSERT INTO country(id, name) values (63, 'Cuba');
INSERT INTO country(id, name) values (64, 'Dhekelia');
INSERT INTO country(id, name) values (65, 'Dinamarca');
INSERT INTO country(id, name) values (66, 'Domínica');
INSERT INTO country(id, name) values (67, 'Egipto');
INSERT INTO country(id, name) values (68, 'Emiratos Árabes Unidos');
INSERT INTO country(id, name) values (69, 'Equador');
INSERT INTO country(id, name) values (70, 'Eritreia');
INSERT INTO country(id, name) values (71, 'Eslováquia');
INSERT INTO country(id, name) values (72, 'Eslovénia');
INSERT INTO country(id, name) values (73, 'Espanha');
INSERT INTO country(id, name) values (74, 'Estados Unidos');
INSERT INTO country(id, name) values (75, 'Estónia');
INSERT INTO country(id, name) values (76, 'Etiópia');
INSERT INTO country(id, name) values (77, 'Faroé');
INSERT INTO country(id, name) values (78, 'Fiji');
INSERT INTO country(id, name) values (79, 'Filipinas');
INSERT INTO country(id, name) values (80, 'Finlândia');
INSERT INTO country(id, name) values (81, 'França');
INSERT INTO country(id, name) values (82, 'Gabão');
INSERT INTO country(id, name) values (83, 'Gâmbia');
INSERT INTO country(id, name) values (84, 'Gana');
INSERT INTO country(id, name) values (85, 'Gaza Strip');
INSERT INTO country(id, name) values (86, 'Geórgia');
INSERT INTO country(id, name) values (87, 'Geórgia do Sul e Sandwich do Sul');
INSERT INTO country(id, name) values (88, 'Gibraltar');
INSERT INTO country(id, name) values (89, 'Granada');
INSERT INTO country(id, name) values (90, 'Grécia');
INSERT INTO country(id, name) values (91, 'Gronelândia');
INSERT INTO country(id, name) values (92, 'Guame');
INSERT INTO country(id, name) values (93, 'Guatemala');
INSERT INTO country(id, name) values (94, 'Guernsey');
INSERT INTO country(id, name) values (95, 'Guiana');
INSERT INTO country(id, name) values (96, 'Guiné');
INSERT INTO country(id, name) values (97, 'Guiné Equatorial');
INSERT INTO country(id, name) values (98, 'Guiné-Bissau');
INSERT INTO country(id, name) values (99, 'Haiti');
INSERT INTO country(id, name) values (100, 'Honduras');
INSERT INTO country(id, name) values (101, 'Hong Kong');
INSERT INTO country(id, name) values (102, 'Hungria');
INSERT INTO country(id, name) values (103, 'Iémen');
INSERT INTO country(id, name) values (104, 'Ilha Bouvet');
INSERT INTO country(id, name) values (105, 'Ilha do Natal');
INSERT INTO country(id, name) values (106, 'Ilha Norfolk');
INSERT INTO country(id, name) values (107, 'Ilhas Caimão');
INSERT INTO country(id, name) values (108, 'Ilhas Cook');
INSERT INTO country(id, name) values (109, 'Ilhas dos Cocos');
INSERT INTO country(id, name) values (110, 'Ilhas Falkland');
INSERT INTO country(id, name) values (111, 'Ilhas Heard e McDonald');
INSERT INTO country(id, name) values (112, 'Ilhas Marshall');
INSERT INTO country(id, name) values (113, 'Ilhas Salomão');
INSERT INTO country(id, name) values (114, 'Ilhas Turcas e Caicos');
INSERT INTO country(id, name) values (115, 'Ilhas Virgens Americanas');
INSERT INTO country(id, name) values (116, 'Ilhas Virgens Britânicas');
INSERT INTO country(id, name) values (117, 'Índia');
INSERT INTO country(id, name) values (118, 'Indian Ocean');
INSERT INTO country(id, name) values (119, 'Indonésia');
INSERT INTO country(id, name) values (120, 'Irão');
INSERT INTO country(id, name) values (121, 'Iraque');
INSERT INTO country(id, name) values (122, 'Irlanda');
INSERT INTO country(id, name) values (123, 'Islândia');
INSERT INTO country(id, name) values (124, 'Israel');
INSERT INTO country(id, name) values (125, 'Itália');
INSERT INTO country(id, name) values (126, 'Jamaica');
INSERT INTO country(id, name) values (127, 'Jan Mayen');
INSERT INTO country(id, name) values (128, 'Japão');
INSERT INTO country(id, name) values (129, 'Jersey');
INSERT INTO country(id, name) values (130, 'Jibuti');
INSERT INTO country(id, name) values (131, 'Jordânia');
INSERT INTO country(id, name) values (132, 'Kuwait');
INSERT INTO country(id, name) values (133, 'Laos');
INSERT INTO country(id, name) values (134, 'Lesoto');
INSERT INTO country(id, name) values (135, 'Letónia');
INSERT INTO country(id, name) values (136, 'Líbano');
INSERT INTO country(id, name) values (137, 'Libéria');
INSERT INTO country(id, name) values (138, 'Líbia');
INSERT INTO country(id, name) values (139, 'Listenstaine');
INSERT INTO country(id, name) values (140, 'Lituânia');
INSERT INTO country(id, name) values (141, 'Luxemburgo');
INSERT INTO country(id, name) values (142, 'Macau');
INSERT INTO country(id, name) values (143, 'Macedónia');
INSERT INTO country(id, name) values (144, 'Madagáscar');
INSERT INTO country(id, name) values (145, 'Malásia');
INSERT INTO country(id, name) values (146, 'Malávi');
INSERT INTO country(id, name) values (147, 'Maldivas');
INSERT INTO country(id, name) values (148, 'Mali');
INSERT INTO country(id, name) values (149, 'Malta');
INSERT INTO country(id, name) values (150, 'Man, Isle of');
INSERT INTO country(id, name) values (151, 'Marianas do Norte');
INSERT INTO country(id, name) values (152, 'Marrocos');
INSERT INTO country(id, name) values (153, 'Maurícia');
INSERT INTO country(id, name) values (154, 'Mauritânia');
INSERT INTO country(id, name) values (155, 'Mayotte');
INSERT INTO country(id, name) values (156, 'México');
INSERT INTO country(id, name) values (157, 'Micronésia');
INSERT INTO country(id, name) values (158, 'Moçambique');
INSERT INTO country(id, name) values (159, 'Moldávia');
INSERT INTO country(id, name) values (160, 'Mónaco');
INSERT INTO country(id, name) values (161, 'Mongólia');
INSERT INTO country(id, name) values (162, 'Monserrate');
INSERT INTO country(id, name) values (163, 'Montenegro');
INSERT INTO country(id, name) values (164, 'Mundo');
INSERT INTO country(id, name) values (165, 'Namíbia');
INSERT INTO country(id, name) values (166, 'Nauru');
INSERT INTO country(id, name) values (167, 'Navassa Island');
INSERT INTO country(id, name) values (168, 'Nepal');
INSERT INTO country(id, name) values (169, 'Nicarágua');
INSERT INTO country(id, name) values (170, 'Níger');
INSERT INTO country(id, name) values (171, 'Nigéria');
INSERT INTO country(id, name) values (172, 'Niue');
INSERT INTO country(id, name) values (173, 'Noruega');
INSERT INTO country(id, name) values (174, 'Nova Caledónia');
INSERT INTO country(id, name) values (175, 'Nova Zelândia');
INSERT INTO country(id, name) values (176, 'Omã');
INSERT INTO country(id, name) values (177, 'Pacific Ocean');
INSERT INTO country(id, name) values (178, 'Países Baixos');
INSERT INTO country(id, name) values (179, 'Palau');
INSERT INTO country(id, name) values (180, 'Panamá');
INSERT INTO country(id, name) values (181, 'Papua-Nova Guiné');
INSERT INTO country(id, name) values (182, 'Paquistão');
INSERT INTO country(id, name) values (183, 'Paracel Islands');
INSERT INTO country(id, name) values (184, 'Paraguai');
INSERT INTO country(id, name) values (185, 'Peru');
INSERT INTO country(id, name) values (186, 'Pitcairn');
INSERT INTO country(id, name) values (187, 'Polinésia Francesa');
INSERT INTO country(id, name) values (188, 'Polónia');
INSERT INTO country(id, name) values (189, 'Porto Rico');
INSERT INTO country(id, name) values (190, 'Portugal');
INSERT INTO country(id, name) values (191, 'Quénia');
INSERT INTO country(id, name) values (192, 'Quirguizistão');
INSERT INTO country(id, name) values (193, 'Quiribáti');
INSERT INTO country(id, name) values (194, 'Reino Unido');
INSERT INTO country(id, name) values (195, 'República Centro-Africana');
INSERT INTO country(id, name) values (196, 'República Checa');
INSERT INTO country(id, name) values (197, 'República Dominicana');
INSERT INTO country(id, name) values (198, 'Roménia');
INSERT INTO country(id, name) values (199, 'Ruanda');
INSERT INTO country(id, name) values (200, 'Rússia');
INSERT INTO country(id, name) values (201, 'Salvador');
INSERT INTO country(id, name) values (202, 'Samoa');
INSERT INTO country(id, name) values (203, 'Samoa Americana');
INSERT INTO country(id, name) values (204, 'Santa Helena');
INSERT INTO country(id, name) values (205, 'Santa Lúcia');
INSERT INTO country(id, name) values (206, 'São Cristóvão e Neves');
INSERT INTO country(id, name) values (207, 'São Marinho');
INSERT INTO country(id, name) values (208, 'São Pedro e Miquelon');
INSERT INTO country(id, name) values (209, 'São Tomé e Príncipe');
INSERT INTO country(id, name) values (210, 'São Vicente e Granadinas');
INSERT INTO country(id, name) values (211, 'Sara Ocidental');
INSERT INTO country(id, name) values (212, 'Seicheles');
INSERT INTO country(id, name) values (213, 'Senegal');
INSERT INTO country(id, name) values (214, 'Serra Leoa');
INSERT INTO country(id, name) values (215, 'Sérvia');
INSERT INTO country(id, name) values (216, 'Singapura');
INSERT INTO country(id, name) values (217, 'Síria');
INSERT INTO country(id, name) values (218, 'Somália');
INSERT INTO country(id, name) values (219, 'Southern Ocean');
INSERT INTO country(id, name) values (220, 'Spratly Islands');
INSERT INTO country(id, name) values (221, 'Sri Lanca');
INSERT INTO country(id, name) values (222, 'Suazilândia');
INSERT INTO country(id, name) values (223, 'Sudão');
INSERT INTO country(id, name) values (224, 'Suécia');
INSERT INTO country(id, name) values (225, 'Suíça');
INSERT INTO country(id, name) values (226, 'Suriname');
INSERT INTO country(id, name) values (227, 'Svalbard e Jan Mayen');
INSERT INTO country(id, name) values (228, 'Tailândia');
INSERT INTO country(id, name) values (229, 'Taiwan');
INSERT INTO country(id, name) values (230, 'Tajiquistão');
INSERT INTO country(id, name) values (231, 'Tanzânia');
INSERT INTO country(id, name) values (232, 'Território Britânico do Oceano Índico');
INSERT INTO country(id, name) values (233, 'Territórios Austrais Franceses');
INSERT INTO country(id, name) values (234, 'Timor Leste');
INSERT INTO country(id, name) values (235, 'Togo');
INSERT INTO country(id, name) values (236, 'Tokelau');
INSERT INTO country(id, name) values (237, 'Tonga');
INSERT INTO country(id, name) values (238, 'Trindade e Tobago');
INSERT INTO country(id, name) values (239, 'Tunísia');
INSERT INTO country(id, name) values (240, 'Turquemenistão');
INSERT INTO country(id, name) values (241, 'Turquia');
INSERT INTO country(id, name) values (242, 'Tuvalu');
INSERT INTO country(id, name) values (243, 'Ucrânia');
INSERT INTO country(id, name) values (244, 'Uganda');
INSERT INTO country(id, name) values (245, 'União Europeia');
INSERT INTO country(id, name) values (246, 'Uruguai');
INSERT INTO country(id, name) values (247, 'Usbequistão');
INSERT INTO country(id, name) values (248, 'Vanuatu');
INSERT INTO country(id, name) values (249, 'Vaticano');
INSERT INTO country(id, name) values (250, 'Venezuela');
INSERT INTO country(id, name) values (251, 'Vietname');
INSERT INTO country(id, name) values (252, 'Wake Island');
INSERT INTO country(id, name) values (253, 'Wallis e Futuna');
INSERT INTO country(id, name) values (254, 'West Bank');
INSERT INTO country(id, name) values (255, 'Zâmbia');
INSERT INTO country(id, name) values (256, 'Zimbabué');

-- Tipos de Campanha
insert into campaignType (id, name, description) values (1, 'Votação', 'Sorteio de chama vencedora numa votação.');
insert into campaignType (id, name, description) values (2, 'Chamada Dourada', 'Chamada vencedora a cada X chamadas recebidas.');
insert into campaignType (id, name, description) values (3, 'Seleção de Vencedor', 'Chamadas vencedoras selecionadas manualmente.');

-- Tipos de Prompt
insert into promptType (id, type, description, createUser, createTimestamp, updateUser, updateTimestamp) values (1, 'Entrada', 'Prompt usada na entrada da chamada.', 'SYSTEM', now(), 'SYSTEM', now());
insert into promptType (id, type, description, createUser, createTimestamp, updateUser, updateTimestamp) values (2, 'Saída', 'Prompt usada na saída da chamada.', 'SYSTEM', now(), 'SYSTEM', now());
insert into promptType (id, type, description, createUser, createTimestamp, updateUser, updateTimestamp) values (3, 'Vencedor', 'Prompt usada no anúncio de chamada vencedora.', 'SYSTEM', now(), 'SYSTEM', now());


-- Tipos de Prompt por Tipos de Campanha
insert into promptTypeByCampaignType (id, idCampaignType, idPromptType, mandatory, createUser, createTimestamp, updateUser, updateTimestamp) values (1, 1,1, True, 'SYSTEM', now(), 'SYSTEM', now());
insert into promptTypeByCampaignType (id, idCampaignType, idPromptType, mandatory, createUser, createTimestamp, updateUser, updateTimestamp) values (2, 1,2, False, 'SYSTEM', now(), 'SYSTEM', now());
insert into promptTypeByCampaignType (id, idCampaignType, idPromptType, mandatory, createUser, createTimestamp, updateUser, updateTimestamp) values (3, 2,1, True, 'SYSTEM', now(), 'SYSTEM', now());
insert into promptTypeByCampaignType (id, idCampaignType, idPromptType, mandatory, createUser, createTimestamp, updateUser, updateTimestamp) values (4, 2,2, True, 'SYSTEM', now(), 'SYSTEM', now());
insert into promptTypeByCampaignType (id, idCampaignType, idPromptType, mandatory, createUser, createTimestamp, updateUser, updateTimestamp) values (5, 2,3, True, 'SYSTEM', now(), 'SYSTEM', now());
insert into promptTypeByCampaignType (id, idCampaignType, idPromptType, mandatory, createUser, createTimestamp, updateUser, updateTimestamp) values (6, 3,1, True, 'SYSTEM', now(), 'SYSTEM', now());
insert into promptTypeByCampaignType (id, idCampaignType, idPromptType, mandatory, createUser, createTimestamp, updateUser, updateTimestamp) values (7, 3,2, False, 'SYSTEM', now(), 'SYSTEM', now());

-- Tipos de Sorteios
insert into contestType (id, name, description) values (1, 'Campanha', 'Sorteio sobre uma campanha especifica.');
insert into contestType (id, name, description) values (2, 'Multiplas Campanhas', 'Sorteio sobre um conjunto de campanhas.');

-- Tipos de Vencedores
insert into winnerType (id, name, description) values (1, 'Vencedor', 'Vencedor do sorteio.');
insert into winnerType (id, name, description) values (2, '1º Prémio', 'Vencedor do primeiro prémio do sorteio.');
insert into winnerType (id, name, description) values (3, '2º Prémio', 'Vencedor do segundo prémio do sorteio.');
insert into winnerType (id, name, description) values (4, '3º Prémio', 'Vencedor do terceiro prémio do sorteio.');
insert into winnerType (id, name, description) values (5, '1º Suplente', 'Primeiro suplente do sorteio.');
insert into winnerType (id, name, description) values (6, '2º Suplente', 'Segundo suplente do sorteio.');
insert into winnerType (id, name, description) values (7, '3º Suplente', 'Terceiro suplente do sorteio.');
insert into winnerType (id, name, description) values (8, '4º Suplente', 'Quarto suplente do sorteio.');
insert into winnerType (id, name, description) values (9, '5º Suplente', 'Quinto suplente do sorteio.');
insert into winnerType (id, name, description) values (10, '6º Suplente', 'Sexto suplente do sorteio.');
insert into winnerType (id, name, description) values (11, '7º Suplente', 'Setimo suplente do sorteio.');
insert into winnerType (id, name, description) values (12, '8º Suplente', 'Oitavo suplente do sorteio.');
insert into winnerType (id, name, description) values (13, '9º Suplente', 'Nono suplente do sorteio.');
insert into winnerType (id, name, description) values (14, '10º Suplente', 'Décimo suplente do sorteio.');
insert into winnerType (id, name, description) values (15, 'Suplente', 'Suplente do sorteio.');


-- Tipos de Perfis de Contas
insert into accountRole(id, name, description) values (1, 'Master Administrator', 'Time2Change full administrator');
insert into accountRole(id, name, description) values (2, 'Administrador', 'Administrador da conta');
insert into accountRole(id, name, description) values (3, 'Básico', 'Utilizador apenas pertencente à conta');


-- Ações de Users sobre Campanhas
insert into action(id, name, description, hasWrite, hasRead) values (1, 'Campanha', 'Permissões sobre a campanha', True, True);
insert into action(id, name, description, hasWrite, hasRead) values (2, 'Estatísticas e Relatórios', 'Permissões sobre as estatísticas e relatórios', False, True);
insert into action(id, name, description, hasWrite, hasRead) values (3, 'Concursos', 'Permissões sobre os concursos', True, True);


-- Excluded MSISDN
insert into msisdnExcluded (msisdn) values ('911041271');
insert into msisdnExcluded (msisdn) values ('912416923');


/* 
	Dados de Arranque
 */
-- System Settings
insert into systemSettings(parameter, value) values ('VERSION', '1.0');

-- Master User
INSERT INTO user (id, name, surname, initiais, email, status, createUser, createTimestamp, updateUser, updateTimestamp, password) VALUES ('1', 'Nelson', 'Silva', 'NS', 'nsl@t2change.com', TRUE, 'SYSTEM', now(), 'SYSTEM', now(), md5('nsl'));

-- Kickoff Log
insert into systemAuditLog(auditTimestamp, auditUser, operation, details) values (now(), 'SYSTEM', 'T2C System installed.', 'T2C System version 1.0 deployed.');
